0,1,2,3,4,5,6
2021-09-05 15:34:07+00:00,1434540352355061767,Is this a good name for the kid of a startup founder? https://t.co/hxb1tDZl1P,16,1,4,0
2021-09-04 15:33:15+00:00,1434177747245490183,1st time startup founders be like https://t.co/oTx9MQOrqM,449,37,22,5
2021-09-04 13:32:08+00:00,1434147267603226626,"After being stuck at $500 for 14 months ğŸ˜©

August was our best month ever with $2.8k ğŸ¥³ğŸ‰

All because of twitter audience growth ğŸ“ˆ

Next milestone for my startup is $5k.

The day my wife and I stop using our savings ğŸ‘©â€â¤ï¸â€ğŸ’‹â€ğŸ‘¨ https://t.co/v5tll4uMXM",437,14,64,3
2021-09-03 15:32:09+00:00,1433815081444421632,I'm tired of fighting with these 2 ğŸ™„ https://t.co/QtUH5UxAR5,30,2,6,0
2021-09-03 13:55:12+00:00,1433790686579634178,"Studies say startups fail for 30 different reasons.

But the real reason is this:

Founders lost motivation and quit before they figured it out ğŸ˜µ

So I just focus on ways to stay motivated in the long run ğŸ§˜â€â™‚ï¸

If I just keep trying, eventually I will succeed ğŸ’ª",248,23,36,3
2021-09-02 15:33:08+00:00,1433452942191964161,1st-time startup founders putting all their hopes on launch day ğŸ˜… https://t.co/jzkzw8rlGx,353,42,29,4
2021-09-02 13:32:20+00:00,1433422541968773127,"I spent 2.5 years working on my startup without doing marketing.

It made me so happy to polish the product every day ğŸ¤—

But after a while, not making money removed all the joy ğŸ˜°

So I stopped building and started marketing.

Sales took off and I started feeling happy again ğŸš€",437,32,24,6
2021-09-01 15:35:15+00:00,1433091089330737152,Founders trying to grow their startup ğŸ˜… https://t.co/4el7wyVRmf,1611,244,52,49
2021-09-01 13:52:23+00:00,1433065201239302147,"I often wonder if the idea for my startup is crazy.

Since no similar product exists yet, maybe itâ€™s because itâ€™s stupid ğŸ¤”?

Then I remember that every innovation is like that ğŸ’¡

And as an entrepreneur, my job is to believe in my idea ğŸ’ª

Until one day everyone else does ğŸ™",161,10,30,2
2021-08-31 15:33:07+00:00,1432728162618822663,First-time startup founders don't know they need phase 2. Can you guess what it is? ğŸ˜… https://t.co/vafcSYw5we,125,12,75,8
2021-08-30 15:34:07+00:00,1432366028500213760,startup founder: which one will you choose ğŸ˜¬? https://t.co/os8fMFWv4l,154,12,29,8
2021-08-30 13:29:06+00:00,1432334564567957516,"I explained my startup idea to a couple of friends before building it.

They loved it and said it would be a huge success ğŸ”¥

Then we launched and none of them used it ğŸ˜­

So in the end I hadnâ€™t validated my productâ€¦

I just validated I had nice friends ğŸ˜…",2156,262,108,58
2021-08-29 17:33:13+00:00,1432033609901281292,Belief against all odds is the most important quality for a startup founder.,40,1,1,1
2021-08-29 15:34:08+00:00,1432003642266165251,how to make a startup founder cry ğŸ˜… https://t.co/8iTOZyrt6N,134,13,14,6
2021-08-29 13:27:04+00:00,1431971666981183489,"Some startup founders want to make the world a better place.

Some want to build their dream product.

And some want to get rich.

All these motives are legit ğŸ‘Œ

But one day it will get tough and youâ€™ll think of giving up.

So make sure you have a good reason to keep pushing ğŸ’ª",50,2,5,1
2021-08-28 15:33:08+00:00,1431641001953742858,He's back ğŸ˜­ https://t.co/MI6QnW9WvW,88,3,9,2
2021-08-28 13:32:05+00:00,1431610540233797638,"I was advised to run ads to grow my startup ğŸš€

But as a bootstrapper this is too expensive ğŸ˜«

So I started doing cheaper marketing like build a twitter audience.

Not as impressive but less risky and it worked ğŸ¤·â€â™‚ï¸

If youâ€™re a shrimp, donâ€™t try to swim like a whale ğŸ˜…

ğŸ¦ !== ğŸ‹",490,40,32,7
2021-08-27 17:27:12+00:00,1431307322035511297,"I tried to find the secret to make a startup succeed.

So I met with many successful founders ğŸ˜

Then I realized they all had different approaches ğŸ¤¨

But they had one thing in common:

They kept trying different things until it worked ğŸ¤·â€â™‚ï¸

There is no secret, just keep trying ğŸ’ª",196,23,15,5
2021-08-27 15:32:07+00:00,1431278359028305926,"After 3 years building my startup, I can safely say that I've made every single mistake people warned me about. ğŸ˜… https://t.co/9s5N1juFiP",164,13,15,4
2021-08-27 13:43:46+00:00,1431251094144004101,"I get scared of working on the wrong priority for my startup.

So I spend days over-thinking to sort it out ğŸ¤”

But then I look back and see I stopped making progress in the meantime ğŸ˜­

So now I donâ€™t sweat working on lower priorities.

Any progress is better than no progress ğŸ’ª",44,1,10,0
2021-08-27 12:33:43+00:00,1431233465568145408,"Most courses I've seen promoted here are usually b.s.

But as a freelance dev for 15 years, I can tell you this is the real deal. It explains ~90% of what I learned along the way, for free.

If you're just starting, it will save you lots of timeğŸ”¥

Thanks for doing this VittoğŸ™ğŸš€ https://t.co/27hBhQKjnZ",19,2,1,1
2021-08-26 17:34:11+00:00,1430946692833161223,"I had read lots of startup books before building mine ğŸ“š

I thought it would prepare me ğŸ¤“

But it was like learning to swim without going into the water ğŸ¤¦â€â™‚ï¸

Once I got in, I had no actual abilities ğŸ˜¨

It's only when building it that I started learning ğŸ’ª",83,0,17,1
2021-08-26 15:33:15+00:00,1430916255758831617,Talking to a friend after 3 years on my startup ğŸ¤” https://t.co/51j1TT34iR,332,44,13,7
2021-08-26 13:32:05+00:00,1430885765056188418,"I quit my job with 18 months of savings to build a startup.

But I still didnâ€™t make money when I reached the end ğŸ˜

My dreams were over â˜ ï¸

Then I got a surprise inheritance ğŸ¤¯

It gave me more time, and I found how to be profitable ğŸ”¥

Few admit this but luck matters too ğŸ€",197,12,19,2
2021-08-25 19:53:03+00:00,1430619252147507201,Legit didn't know twitter threads could be that good ğŸ”¥ https://t.co/q2EZe9eZ6F,2,0,1,0
2021-08-25 19:48:18+00:00,1430618053658697738,"Learn from the guy who's made it! Love how it's simple yet actionnable. Don't need to have 30 days of full time work to prepare for launch, just do these things right and you're good ğŸ’ª https://t.co/Nwcjn0Mz93",10,0,1,0
2021-08-25 17:31:06+00:00,1430583526756335618,"Kanye West is a rapper who didnâ€™t know fashion, but he learned and beat every sneaker sales records ğŸ”¥

Elon musk is a tech nerd who didnâ€™t know rockets, but he learned and built a company better than NASA ğŸ¤¯

I'm a startup founder who doesn't know marketing, but I can learn ğŸ’ª",900,146,46,14
2021-08-25 15:35:08+00:00,1430554342290075649,I didn't expect my startup to take so long to succeed ğŸ˜… https://t.co/068T6mnqaN,105,7,10,6
2021-08-25 13:28:10+00:00,1430522391361425409,"Iâ€™m happy when I get a like â˜ºï¸

Even better when itâ€™s a retweet ğŸ˜€

And a new follower feels best ğŸ˜

But this weekend I noticed I had something 10x better:

An army of friends who want me to succeed ğŸ¥º

Don't count followers, count the people rooting for you â¤ï¸ https://t.co/GHNo1gGROy",69,2,13,2
2021-08-25 08:45:20+00:00,1430451212651048966,"Time has come to support our boy @mauro_codes for his PH launch ğŸ”¥

He didn't just create a collection of design components, it comes baked in with actual design principles to guide you through prototyping your app.

Have never seen that before.

https://t.co/aQisTKJNLk",8,0,1,1
2021-08-24 17:27:05+00:00,1430220130353569793,"I thought I needed millions of dollars to be happy.

So I overworked on my startup trying to get rich.

But it didnâ€™t happen and I burned out ğŸ˜–

So I started focusing on doing what I love and connecting with others â¤ï¸

It makes me way happier and the business runs better ğŸš€",96,5,9,3
2021-08-24 15:33:08+00:00,1430191450655006728,it's scary but we must do it from time to time ğŸ˜… https://t.co/m1itbSrU83,27,2,3,1
2021-08-24 13:27:16+00:00,1430159777573871622,"Went on a zoom call with a fellow founder to give him feedback on his idea.

Had no expectations, was just happy to make a friend ğŸ˜€

But he loved the discussion so much that he wrote a piece about how useful my product isğŸ˜³

Thanks so much @timfong888 ğŸ”¥

https://t.co/KohmhUd6yL",18,6,1,1
2021-08-23 17:32:13+00:00,1429859033545121799,"Startups talk about their Â«Â unfair advantageÂ Â».

But I couldn't figure out mine ğŸ¤”

Then I thought of my cofounder:
âœ… same work ethic
âœ… complimentary skills
âœ… support each other

Few startups have that.

Because my cofounder is actually my wife ğŸ˜…

She's my unfair advantage â¤ï¸",107,6,14,2
2021-08-23 15:34:08+00:00,1429829315089342467,Am I the only startup founder having a tough time when going to see my family? ğŸ˜… https://t.co/AAmHxxL7ca,416,32,24,9
2021-08-23 13:29:05+00:00,1429797844010115076,"I tried many shortcuts to grow my startup.

From product launches to running ads.

But none of them worked ğŸ˜–

So I decided to take the long road and build an audience ğŸ¤·â€â™‚ï¸

It was hard and seemed hopeless but I stuck with it ğŸ’ª

And now it pays off better than any shortcut ğŸ¤©",55,3,8,0
2021-08-22 17:33:11+00:00,1429496889385361420,"I've worked on my startup for 2.5 years, focused on building a great product.

But because I didn't do marketing, I didn't get much sales.

The product is in good shape now though, and I finally found the right distribution channel.

I'm 100% focused on growth ğŸ”¥ğŸš€",343,19,31,2
2021-08-22 15:34:13+00:00,1429466947725443073,"Hope: Become a millionaire in 18 months.
Reality: Maybe get a survival salary after 3 years. https://t.co/D2ZT0jYnsA",48,3,3,0
2021-08-22 13:27:14+00:00,1429434991348486145,"In the first year of my startup, we thought of raising money.

Everyone else is doing it, so why not us ğŸ˜ƒ?

Then I remembered my dream is not to reach $1B+ valuation.

It's to make money doing what I love.

Getting an investor would be like having a boss again.

No thank you ğŸ˜…",59,6,3,0
2021-08-21 17:29:11+00:00,1429133492785487881,"My first tweets looked like startup lessons.

I tried to sound like a big account saying ""this is what you should do"".

But people didn't care ğŸ¤·â€â™‚ï¸

So I started sharing my genuine experience with more humility.

People loved it and my engagement skyrocketed ğŸš€",128,4,12,0
2021-08-21 15:33:13+00:00,1429104307471884288,I thought building my startup would make me rich in 18 months. 3 years later I'm hoping to get a survival salary soon ğŸ˜… https://t.co/YoufdCyYgz,65,4,7,2
2021-08-21 13:32:05+00:00,1429073824847441920,"I built my first website at 15, just for fun.

Then I started making money building sites for others.

I did that professionally for 13 years ğŸ‘¨â€ğŸ’¼

Until I realized I lost the fun by chasing the money ğŸ˜«

So at 29 I quit to build my own startup.

Now I'm having fun again ğŸ˜€ğŸš€",217,8,16,0
2021-08-21 08:38:39+00:00,1428999980841324545,"Weâ€™ve sent a handwritten letter to every customer from day-1.

Itâ€™s a way to connect with them and show that we care.

My father-in-law told us it was too expensive and useless for a $100 product ğŸ˜”

So Iâ€™m very happy that this little gesture made you happy Mark ğŸ˜ https://t.co/FwY2NeNOrR",43,0,13,0
2021-08-20 17:27:06+00:00,1428770580522745863,Startup founders pivot their product when they should pivot their marketing strategy.,212,24,16,3
2021-08-20 15:32:07+00:00,1428741645600690194,when I try to convince my father-in-law that my startup is a good idea ğŸ˜… https://t.co/S3XIwfHzmq,274,41,18,6
2021-08-20 13:37:11+00:00,1428712719721566208,"Some people don't see the value of my product.

I wasted months adding features trying to convince them.

But if someone doesnâ€™t like to eat fish, you can change the seasoning all you wantâ€¦ In the end it's still fish and they don't like it.

Focus on people who like fish ğŸš€",56,0,8,0
2021-08-20 09:30:10+00:00,1428650555396734983,"Got interviewed by @bhargavk_ for his 9-min podcast. Just short enough to not be boring ğŸ˜…

You can learn about why and how I'm building the startup I keep mentioning ğŸ‘€

https://t.co/ytAz02lUXj",21,1,5,1
2021-08-19 17:34:14+00:00,1428409990126186506,"I sometimes get jealous of the success of other founders.

I get scared I'm not as good as them, and maybe I'm not cut out for this? ğŸ˜°

Then I remember that I have the same opportunities they have.

I just need to keep working everyday, and eventually I'll succeed too ğŸ™",65,2,9,0
2021-08-19 15:33:07+00:00,1428379510102183937,https://t.co/KuzzQJmgVE,57,0,5,1
2021-08-19 13:32:07+00:00,1428349058276528133,"To grow my startup I followed the advice in the book ""Traction"".

It says to try every distribution channel until one works.

Tried almost all of them, none worked ğŸ˜©

So out of desperation I tried growing twitter (not in the book).

And it workedğŸ”¥

They should update the bookğŸ˜…",134,5,16,1
2021-08-18 17:31:05+00:00,1428046807888801793,"Netflix CEO: sleep is our competition, let's find a way to make people sleep less  ğŸ˜

Wannabe startup founder: I heard someone is building the same idea as me, I give up â˜ ï¸",33,1,7,0
2021-08-18 15:35:06+00:00,1428017621358764034,https://t.co/HX2LJLzSGr,60,1,4,1
2021-08-18 13:28:05+00:00,1427985657037737990,"My last job was perfect: 4-day workweek, fully remote and big salary.

But it was so comfortable that I got bored, there was not enough challenge ğŸ˜«

So I left to build my own startup.

Now I work 7 days a week and make almost no money ğŸ˜¬

But at least I'm not bored ğŸ˜‚",1147,64,69,25
2021-08-17 17:27:05+00:00,1427683414661074958,Startups â€“ work hard for as long at it takes to get lucky.,32,3,3,0
2021-08-17 15:33:08+00:00,1427654735499206658,Bootstrapping for life â¤ï¸ https://t.co/Fo37Dn8B4r,25,2,2,0
2021-08-17 13:27:15+00:00,1427623058110664714,"I spent 14 months trying every distribution channel for my startup.

None of them worked, so I thought I was bad ğŸ¤·â€â™‚ï¸

Then 2 months ago I found the right one and sales took off ğŸš€

Today it's only mid-August and we've already beat our best month by 60% ğŸ¤¯

Keep trying ğŸ’ª https://t.co/7J8wNrP2U4",157,5,17,4
2021-08-16 17:32:14+00:00,1427322323665833986,"Some people build a startup to get rich.

Then they realize they won't make any money for years, so they quit ğŸ˜©

But some people build a startup because they want freedom from a boss.

So no matter how difficult, they never stop trying.

And eventually they get rich ğŸ”¥",50,2,7,0
2021-08-16 15:34:14+00:00,1427292626886303756,https://t.co/ZSPYA7BfyG,58,11,5,2
2021-08-16 13:29:14+00:00,1427261168591245321,"You might think your product is bad because you got 1000 visits and no sales.

But most people take a long time to buy.

With my product, half of sales occur between 2 and 12 months after the first visit ğŸ¤·â€â™‚ï¸

Don't give up right away. ğŸ’ª",43,1,8,2
2021-08-15 17:33:05+00:00,1426960147520311297,"I left my job to build a startup.

I could have tried to raise money and aim for a $1B valuation, but Iâ€™d still be working for someone else.

Instead Iâ€™m bootstrapping, so as soon as it's profitable I won't need to work for anyone else again.

This will change my life way more ğŸ™",497,41,34,5
2021-08-15 15:34:07+00:00,1426930207810797574,Startup founders be like https://t.co/idJDFuiqQl,58,8,6,2
2021-08-14 17:29:14+00:00,1426596791802335236,"Are you more vc-backed startup, bootstrapped or no-code? ğŸ˜… https://t.co/IobQgeCj0a",101,8,15,1
2021-08-14 13:56:30+00:00,1426543254905016324,"I tried to make my startup grow for 14 months.

I sponsored newsletters and ran google ads.

But marketing is hard and I didn't sell anything ğŸ˜©

Then I started sharing my journey on twitter.

In 10 weeks I went from 200 to 1400 followers and tripled my sales.

Hereâ€™s how ğŸ‘‡",821,125,62,23
2021-08-13 17:27:06+00:00,1426233864515620868,"People who didn't buy my product say it's because they miss a feature.

So I built it... but they still didn't buy ğŸ˜©

Then I started building what my paying customers wanted.

It ended up attracting more people like them and increased sales ğŸ¤©

Don't listen to wannabe customers.",181,20,14,5
2021-08-13 15:32:08+00:00,1426204935507546119,https://t.co/WfP159aoGy,22,3,1,1
2021-08-13 13:37:04+00:00,1426175977193869316,"Every week I see headlines about startups raising millions.

So for 2 years, I pressured myself to be like them.

But the stress took the joy out of work.

Then I remembered all I wanted was to make a living doing what I love.

Now I focus on that and grow at my own pace ğŸš¢ğŸ§˜â€â™‚ï¸",93,6,6,4
2021-08-12 17:34:05+00:00,1425873234625404929,"No better feeling that a spontaneous testimonial from a happy customer. So glad we could help Adam!

https://t.co/bIW1R8Lvlz",8,2,1,0
2021-08-12 15:33:15+00:00,1425842828442226688,https://t.co/2s4VH97R5D,44,4,5,0
2021-08-12 13:32:13+00:00,1425812366986387479,"I spent 2 years focused on building a great product.

Then we launched and didnâ€™t get traction, so I blamed the product.

But the real problem was distribution.

So I stopped building the product, and started building an audience instead.

Now sales are taking off ğŸš€",156,13,15,5
2021-08-11 17:31:04+00:00,1425510090086420480,"I created my startup trying to be the next Steve Jobs.

I envisioned a product that could truly change the world ğŸ¤¯

Then it failed and I realized I wasn't a genius like him ğŸ˜‚

Now I see myself as just a guy building a startup.

Changing the world of a few people at a time. â¤ï¸",21,0,6,0
2021-08-11 15:35:08+00:00,1425480913052475393,https://t.co/RQSgqk33SA,15,1,1,0
2021-08-11 13:28:13+00:00,1425448971732934658,"Iâ€™m a developer building a startup but I hate marketing.

So after 2.5 years spent on my product, it wasn't growing.

I didn't want to quit though so I forced myself to do it.

Uncomfortable but with practice I got better.

Now we're growing and I'm glad I didn't give up ğŸ™",375,29,37,7
2021-08-10 22:13:57+00:00,1425218888896237573,"For the past 4 days we didnâ€™t make a sale so I was getting anxious.

Then I took a long term view, reminding myself that the overall trend was still going up ğŸ§˜ğŸ»â€â™‚ï¸

I relaxed... And then I heard a sales notification ğŸ˜‚

Thank you Joe, you literally made my day ğŸ”¥ğŸš€ https://t.co/W09BKsKKWq",17,1,2,0
2021-08-10 17:27:06+00:00,1425146702764429314,"Every time I'm on a zoom call I see that my background is just a heater on an ugly wall.

And I think it looks bad.

Then I realized NO this is cool! This means Iâ€™m able to build a whole startup from just my bedroom.

I got this ğŸ’ªğŸ”¥",114,3,20,0
2021-08-10 15:33:16+00:00,1425118054929813509,dev startup founders be like https://t.co/qVamNOQXrv,12,1,2,0
2021-08-10 13:27:13+00:00,1425086335078084609,"I was certain that my plan for my startup would succeed.

So I overworked for 2 years, sprinting for the finish line.

But in the end, there was no finish line, I burned out.

So now I take it easy ğŸ§˜â€â™‚ï¸

That way I can keep going for as long as it takes to become profitable ğŸš€",43,2,7,3
2021-08-09 17:32:14+00:00,1424785607411261446,"I launched my startup and people didn't care.

But I donâ€™t blame them.

There are so many new launches every day, nobody has time to look at them all.

So instead of competing on product, I started competing on getting their attention.

Now people care and we're growing ğŸš€",479,61,34,2
2021-08-09 15:34:18+00:00,1424755925773062144,https://t.co/qO07SmHniR,25,3,1,0
2021-08-09 13:29:15+00:00,1424724456040280065,"I used to look at sales of my startup every day.

All the ups and downs drove me crazy.

Then I realized that most people take at least 2 months to buy.

So I started looking at sales over the past 8 weeks instead.

Now I can finally see some growth trends ğŸ¤© https://t.co/R5kyrn82VT",60,2,1,0
2021-08-08 17:33:04+00:00,1424423429592203271,"I get jealous when I see someone go viral with a click-bait tweet.

So last week I tried to make one for the ego boost ğŸ˜“

It got 88k impressions!

Yet only 116 profile clicks, like my regular tweets ğŸ¤·â€â™‚ï¸

Lesson: going viral is useless by itself, stay focused on bringing value ğŸ™",49,5,7,2
2021-08-08 15:34:06+00:00,1424393489668845577,https://t.co/CIfj77Gh0j,18,0,1,0
2021-08-08 13:27:05+00:00,1424361526471938051,"Life as a bootstrapped founder.

Facts:
âœ… July was our best month ever at $1067
âœ… August started off strong at $700

Also facts:
âŒ we haven't made a sale in 3 days

My brain:
I was wrong about everything, we are DOOMED ğŸ˜±ğŸ˜µ",79,0,11,2
2021-08-07 17:59:04+00:00,1424067585004482567,"For a long time, sales of my product have happened randomly.

It felt nice to get customers, but didn't feel like real growth.

Last month was different though, as sales came from my twitter growth strategy.

It's not random sales, it's sales I've earned.

That's real growth ğŸ”¥ğŸš€",34,0,4,0
2021-08-07 14:57:11+00:00,1424021811218501640,"The more vulnerable you are on social media, the more people will want to connect with you.

In the end, what makes your startup successful is not how great your product is. Itâ€™s how many people you connect with.

Be vulnerable.",63,5,3,0
2021-08-07 13:29:10+00:00,1423999661828943872,"In July 2018, I left a high-paid software job to build a startup.

3 months later, my mother unexpectedly passed away.

It left me depressed and out of cash.

But as I was about to quit, I got surprise insurance money from her.

I can't give up with an Angel Investor like that â¤ï¸",475,14,21,8
2021-08-06 18:05:13+00:00,1423706745566793732,"The hard thing about creating a startup is that I always doubt if it can be successful.

So when it gets difficult, I fantasize about a new idea that seems more promising.

In reality, every idea gets difficult. The only way to succeed is to be persistent.

Keep going ğŸ’ª",30,1,5,0
2021-08-06 16:35:06+00:00,1423684065778192394,https://t.co/Ruz58VQNW6,35,5,10,0
2021-08-06 14:58:14+00:00,1423659687334060038,"Our startup doesn't pay us a salary yet, but seeing happy customers keeps us going ğŸ’ª

It means we solve a real problem and make their lives better.

Last one we've got for https://t.co/QMJQuwVcPD gave us fuel for months!

https://t.co/FAOh6eRVJ3",11,0,1,0
2021-08-06 13:32:04+00:00,1423638004179079175,"I was running my startup for 2 years, still not growing.

So I worked on a pivot idea.

Then I realized a new product wasnâ€™t gonna save me. Itâ€™s just a lie I tell myself.

The real problem was marketing.

So I pivoted myself, from developer to marketer.

Now we're growing ğŸš€",536,41,40,12
2021-08-06 07:34:51+00:00,1423548106549907460,Time to support our boy Kyle with the launch of Removaly. No-brainer if you want to keep your data safe online. https://t.co/kmycbC3bCC,4,0,0,0
2021-08-06 07:20:38+00:00,1423544528351399936,"Speaking with @KarthikS2206 last month completely changed my trajectory.

He made me see that my priority should be to reach the next â€œsmall goalâ€ of $5k, instead of overthink on how to make millions... https://t.co/fhQHNV633c",11,0,1,1
2021-08-05 17:41:07+00:00,1423338290233712646,"My growth strategy is super simple: I share my startup journey on twitter.

It's not related to my product, but it makes other founders (my target market) curious about my website.

Thatâ€™s it.

Traffic and sales keep growing along with my twitter ğŸš€

Don't overcomplicate things. https://t.co/rL1l0JX2vl",27,0,2,1
2021-08-05 15:44:07+00:00,1423308845112246277,https://t.co/qgM1xfdWhL,58,2,6,2
2021-08-05 13:49:12+00:00,1423279925176373261,"I launched my startup last year, 3000 visits but only 4 sales.

Made improvements for 3 months but it stayed low, I was feeling hopeless ğŸ˜©

Then for no reason people started buying more.

Turns out for our product, most clients take ~3 months to order.

Don't quit to soon ğŸš€",445,46,18,3
2021-08-04 17:03:07+00:00,1422966338805538819,https://t.co/f11CBATXWl,7,0,3,0
2021-08-03 16:57:07+00:00,1422602440843567110,https://t.co/rVTAD20PqA,32,3,5,1
2021-08-03 13:58:13+00:00,1422557420149223429,"At first I thought Iâ€™d spend 30% of my savings to build my startup.

Then I reached it, still no profitability in sight.

So I asked myself: do I want to risk everything on it? I wasnâ€™t sure.

So instead I asked: do I want to take a job again?

HELL NOOO.

100% it is ğŸ˜‚",233,17,23,1
2021-08-02 20:25:18+00:00,1422292443966361603,"Thank you Oliver. It's simple yet deep.

Talk about topics you know well + genuinely try to connect with people = grow your audience ğŸ™ https://t.co/DLhSrik0Ks",7,0,1,0
2021-08-02 14:07:10+00:00,1422197286747049988,"For a long time I focused on a long-term goal: make $10k a month.

But because I struggled to achieve it, I lost motivation.

So I made a smaller one: make $1K a month.

This got me excited to work again, and I reached it!  ğŸ˜ƒğŸš€",66,1,10,0
2021-08-01 22:02:15+00:00,1421954456896348169,There is hope! https://t.co/gOLuKL0hvi,9,1,0,0
2021-08-01 16:52:13+00:00,1421876435145404417,https://t.co/E7TGKYCy8z,30,1,2,1
2021-08-01 14:02:05+00:00,1421833619006496768,"I feel like making $1000 a month with my startup is tiny.

But 6 months ago, it was only $300, so I feel grateful for it ğŸ™

Here's what I did to get there:
1- focus my priorities on what paid customers liked
2- start doing more marketing, not just product

Nothing crazy ğŸ¤·â€â™‚ï¸",484,18,34,3
2021-07-31 16:58:04+00:00,1421515518146646016,"We spent lots of time adding features to our product, even after launch.

It had big problems in the flow, so fixing it improved sales.

But once we solved the big issues, adding more features didn't do much.

So I switched from dev to marketing. Now we're growing way more ğŸ”¥ğŸš€",43,2,5,1
2021-07-31 13:51:06+00:00,1421468466758946825,https://t.co/EHC0IitpOG,71,8,0,3
2021-07-30 14:06:05+00:00,1421109849920884738,"How it used to be:
- build a startup
- struggle for 10 years but eventually make it
- write a $10 book full of deep thoughts to help other founders

How it is now:
- make an MVP in a weekend
- launch on product hunt
- release a $200 course on how to be the next Steve Jobs

ğŸ˜¬",44,4,6,1
2021-07-30 08:45:11+00:00,1421029093496303617,Startups â€“ it takes longer than expected.,587,95,33,8
2021-07-29 20:16:15+00:00,1420840616938942466,This looks very interesting and beautifully executed. Looking forward to onboard next week https://t.co/tYjRdgUarq,6,0,2,0
2021-07-29 17:09:12+00:00,1420793542755164162,"We got used to stories about founders making millions with their startup in 1 year or less.

As a result, if our project doesn't work right away, we think we should pursue something else.

In reality, most business success is built with consistent work over many years.",89,9,13,5
2021-07-29 13:49:15+00:00,1420743223559950337,https://t.co/zKKrAfipHo,15,2,1,0
2021-07-28 17:03:07+00:00,1420429624409042949,https://t.co/Vw3gvVafKO,24,0,5,0
2021-07-28 15:40:02+00:00,1420408715757375489,"I lost interest in threads cause most are just rehashed platitudes. 

But this one is really insightful. https://t.co/A2aq4mwXnQ",7,0,1,0
2021-07-28 13:52:04+00:00,1420381547476180993,"You still haven't launched, and you say it's because your product isn't finished.

But even if you haven't built everything you wanted, it doesn't mean it's not ready.

Maybe it's ready to hit the market, just with a smaller scope than you imagined.

Go for it.",20,0,5,0
2021-07-27 16:57:06+00:00,1420065724102582272,https://t.co/c9WE2CyM4J,9,0,0,0
2021-07-27 13:58:06+00:00,1420020676929466375,"Just published a post on indiehackers: Iâ€™m a developer who resisted doing marketing for years. Hereâ€™s what made me change.

https://t.co/w4LmKrIVko",20,1,0,1
2021-07-27 07:33:22+00:00,1419923855615926279,"As the first paying user I can say itâ€™s the most affordable way to track you seo metrics. Perfect if youâ€™re starting out and canâ€™t afford ahref.

Also comes with specific functions for indies like a list of places to get backlinks from. https://t.co/ZjDjFfHn4p",9,0,2,0
2021-07-26 16:57:06+00:00,1419703334194270213,https://t.co/7DHr7XRrBj,9,0,0,0
2021-07-26 16:34:02+00:00,1419697531571875848,Great work by Mauro here. He went in depth on how to help design a good looking app. https://t.co/fkWLQB0Fri,2,0,1,0
2021-07-26 14:58:11+00:00,1419673410028851210,"I've looked for the silver bullet to make my startup take off for a while now. 

I tried revamping the UX.
I tried adding features.
I tried fixing the landing page copy.

Sadly, none of those alone gave me a big win ğŸ˜¢

But they all added up, and led to steady growth over time ğŸ¤©",13,0,0,0
2021-07-26 14:03:06+00:00,1419659548126760965,https://t.co/VHrzeaRlFr,11,1,3,0
2021-07-25 16:57:14+00:00,1419340981804191748,https://t.co/ye4X42M3at,10,0,0,0
2021-07-25 15:05:04+00:00,1419312753014095875,"There are so many products now, every founder faces enormous competition.

But if your goal is just to be free and make a living, you don't need to beat all of them.

Just solve a small problem differently and grab people's attention.

Lots of customers buy from small players.",17,0,1,0
2021-07-25 13:59:07+00:00,1419296156430045190,https://t.co/fpcwqt1x7G,62,7,4,5
2021-07-25 13:26:01+00:00,1419287824843616258,"Welcome to all my new followers ğŸ‘‹

Don't worry, Iâ€™m not about to sell you a course about growing your twitter just because Iâ€™ve made a couple of viral tweets.

Only sharing my journey as a bootstrapped founder, and making fun memes along the way. https://t.co/r1pga78hqg",16,0,3,1
2021-07-24 16:55:16+00:00,1418978098364751881,https://t.co/0fstZDWAuO,66,8,4,3
2021-07-24 13:58:13+00:00,1418933540666978320,"My initial goal for my startup was $10K a month.

But 16 months after launch I'm only at $600.

It seems so out of reach. I'm losing motivation ğŸ˜¥

Then I realized, with just $2.5k I could get a base salary.

I know how to reach it and it would make me so happy ğŸ¤©

LET'S GOOOO ğŸ”¥",459,10,56,0
2021-07-24 12:48:45+00:00,1418916058983960578,"Itâ€™s not an unfinished product, itâ€™s a finished product with a smaller scope than you aimed for initially.",22,1,0,0
2021-07-24 10:10:32+00:00,1418876241864712192,"Founders giving advice: stop building your product and start marketing it!

Voice in my head: I agree but you don't know about my product, in my case it's different.

Every single time ğŸ˜‚

Until I met @KarthikS2206. I don't know how he did it but he actually convinced me ğŸ”¥",19,2,1,0
2021-07-23 16:59:07+00:00,1418616680771690501,https://t.co/anClVmCUDI,34,4,4,1
2021-07-23 13:53:10+00:00,1418569883743313926,"I have so many ideas for my startup ğŸ¤¯

But I can get stuck for days trying to figure out what the next priority is. ğŸ¤¨

So I just start working on what brings me joy in the moment, even if it seems pointless at first. ğŸ§˜â€â™‚ï¸

That way I stay shipping, and don't lose momentum ğŸš¢",15,3,5,0
2021-07-22 17:06:07+00:00,1418256053817548805,https://t.co/3QdPxDHSNA,304,29,13,6
2021-07-22 14:02:06+00:00,1418209744662061062,"In my 20s I read hundreds of startup books. ğŸ“š

The more I learned,  the better I became. ğŸ¤“

But after a while, it turned into an escape from hard work. Iâ€™d dream about every new idea and never build anything. ğŸ˜´ 

Now Iâ€™m in my 30s and read nothing. Iâ€™m focused on action. ğŸš€",37,2,10,1
2021-07-21 16:54:04+00:00,1417890631695970304,"I thought building my own startup would free me from all the ""stupid decisions"" my boss imposed on me..

Little did I know, the anxiety of being responsible for said decisions is 10 times worse, even crippling at times.

Be careful what you wish for ğŸ˜…",30,3,2,1
2021-07-21 13:56:14+00:00,1417845879856304130,https://t.co/4YuaSJbp3N,3,0,0,0
2021-07-21 07:47:26+00:00,1417753065646604289,Letâ€™s support @cogentgene and his new tailwind release for saas blocks ğŸ”¥ https://t.co/HEdZNkQXn3,12,0,2,1
2021-07-20 16:54:10+00:00,1417528271441473539,https://t.co/RnB2dCv3rB,19,1,0,2
2021-07-20 14:07:05+00:00,1417486220632993795,"Hadn't listened to the radio in years. Realized it's like twitter.

99% is the same recycled b.s we've all heard a hundred times.

Sometimes there's an original sound that comes up though. It instantly grabs you and you go check on the artist.

Be original.",14,0,3,0
2021-07-19 16:57:06+00:00,1417166618266902534,https://t.co/FaoArjkVf2,6,0,0,0
2021-07-19 14:04:12+00:00,1417123106330750981,"As a freelance dev I always took small breaks whenever it got too crazy. I didn't need real vacations.

Running a startup though, I feel way more anxiety and I work non-stop.

Not taking vacations in this context was a big mistake.",8,0,0,0
2021-07-19 13:20:00+00:00,1417111986102587392,"Letâ€™s support @GilliSig and his canva competitor, only better since it uses your branding ğŸ”¥ https://t.co/mXVunbvVu2",6,3,3,0
2021-07-19 11:59:25+00:00,1417091705753546753,Just got back from our first vacation in 2.5 years. Made a short IH post about it. https://t.co/re8tw75yET,14,1,0,0
2021-07-16 16:59:11+00:00,1416079980971368451,"Have you poured your heart and soul into your product to build an app that can truly help people?

Then no matter how many features it still lacks, some people out there desperately need it. They just have no idea it exists.

Start promoting it now, they will thank you for it.",10,1,0,0
2021-07-16 13:53:06+00:00,1416033150782877697,https://t.co/MBqgX36uzn,7,0,3,0
2021-07-15 17:06:07+00:00,1415719335499284481,"I know itâ€™s trendy to build tiny products that take a weekend to make, but itâ€™s still a good thing to spend time sweating some of the details.

When you release it into the world, people will appreciate it that much more. ğŸ”¥",7,0,0,0
2021-07-15 14:02:17+00:00,1415673074347769858,https://t.co/WQRoDkZBsM,13,1,4,1
2021-07-15 07:36:09+00:00,1415575899693518848,"Weâ€™re taught to become experts, but to be successful founders we need to be generalists. https://t.co/7WGgnJVXVG",9,1,4,0
2021-07-15 07:24:02+00:00,1415572852544262144,Time to support our boy @sotak for his wonderful productivity app https://t.co/RARXrYDhtE,8,1,2,0
2021-07-14 18:02:15+00:00,1415371074397777924,Actionable idea for a developer-friendly distribution strategy. https://t.co/T5Scn5JSUV,4,0,1,0
2021-07-14 16:54:05+00:00,1415353920306749442,"My brain only has one main thread. When I try to handle multiple projects at once, I lose joy and burn out quickly.

I could just spend a full day on twitter, then a full day building. This is fulfilling ğŸ˜

Instead I try to tweet while I code ğŸ¤¦â€â™‚ï¸",7,0,3,0
2021-07-14 13:56:18+00:00,1415309179607293965,https://t.co/KKmMAxe5xO,36,4,4,2
2021-07-13 16:54:13+00:00,1414991566574399489,https://t.co/pENpNK129m,19,0,3,1
2021-07-13 14:07:04+00:00,1414949503229210624,"I looked back at 3 years working on my startup, and realised that chasing the next cool idea always had a net negative impact.

It made me delay work on core features that mattered way more. Even worse, I lost confidence in my ability to finish what I start.

Stay focused.",21,1,2,0
2021-07-12 16:57:05+00:00,1414629902012321793,"I've spent almost 3 years full time on my startup, throwing 2/3 of my life savings into it, and feeling so exhausted.

Yet all it took was a new idea and I feel full of energy and hope again. 

I must be crazy ğŸ˜¬",36,1,8,0
2021-07-12 14:04:14+00:00,1414586403221123072,https://t.co/umYyN4Wqtz,7,0,2,0
2021-07-10 13:46:08+00:00,1413857072710627329,"I feel exhausted with my startup. 

Yesterday, for the first time, I had lost hope. Just didnâ€™t see a path to success.

Was ready to give up.

Then, out of nowhere, I came up with a pivot that can:
- 2x conversions
- 2x order value
- generate viral distribution

LETS GOOO ğŸ˜‚ğŸ”¥ğŸš€",278,10,30,1
2021-07-09 16:59:04+00:00,1413543234270384145,"I used to think creating a good product was enough to succeed.

Sadly this is not the case, as there are too many good products now. To win you also need a rock-solid distribution strategy.

I could let that depress me ğŸ¥º or I could just learn to sell ğŸ˜",25,1,5,1
2021-07-09 13:53:07+00:00,1413496439393722368,https://t.co/UvpIVV7d6X,9,1,1,0
2021-07-08 17:06:04+00:00,1413182609534947333,"Been heavily active on twitter and indiehackers all week, to get the word out about Logology.

Yet the only sale I made came from somebody who searched for ""logo design"" on indiehackers, and stumbled upon a comment I made 9 months ago.

Sales is not a linear process ğŸ˜‚",39,1,7,0
2021-07-08 14:02:18+00:00,1413136363831005199,https://t.co/Ad8zziwcdt,24,4,3,0
2021-07-08 12:10:54+00:00,1413108328436310019,"Looking to add @OpenAI gpt-3 to https://t.co/QMJQuwVcPD. That way we could determine the perfect logo for your startup based on how you describe it.

Just requested access but would like to speed things up.

@gdb what do you think?",12,1,2,0
2021-07-07 16:54:13+00:00,1412817237774372876,"""Idea doesn't matter, only execution"" or ""Product doesn't matter, only marketing""...

I've got news for you, EVERYTHING matters.

Idea + Execution + Product + Marketing.

If you're bad at any of these, you're going to hit a wall sooner or later.",14,2,1,0
2021-07-07 13:56:17+00:00,1412772459439349766,https://t.co/zYEjnCMtzC,10,0,2,0
2021-07-06 16:54:23+00:00,1412454895626735618,"I see many people quit their project as soon as it gets difficult, and then start a new one right after.

They say they ""fail fast to learn fast"", but in reality they quit as soon as it gets tough, and don't learn anything significant.",34,2,5,1
2021-07-06 14:07:07+00:00,1412412801180647433,https://t.co/cgHUaoZQPx,33,2,2,0
2021-07-05 16:57:05+00:00,1412093183555772417,"Getting a testimonial from a customer on Logology, he sends me a different profile pic than on his twitter.

My reaction: â€œdude you look hotter, this new haircut suits you well!!â€

Rate my customer support ğŸ˜‚",18,1,3,0
2021-07-05 14:04:07+00:00,1412049656109019136,https://t.co/Wnx4POkQ4d,8,0,1,0
2021-07-02 16:55:16+00:00,1411005566563069955,https://t.co/aM0z6PkrgA,6,1,0,0
2021-07-02 15:50:12+00:00,1410989191903711237,The big boss speaks the truth. https://t.co/qh9vn63YpR,2,0,0,0
2021-07-02 13:57:04+00:00,1410960720712417287,"Two voices in my head as I build my startup:

1. thereâ€™s no way Iâ€™m gonna make it. I have no idea if this can be profitable, I should quit ğŸ˜°

2. people love our product, we keep improving KPIs and still have enough runway to make it, canâ€™t fail ğŸ˜

I pay too much attention to 1.",41,4,11,1
2021-07-02 07:23:06+00:00,1410861574412193794,"Time to support our boy @felix12777 for his superb design work on this. If you need to standout more on social media, or are building a team page, you need this https://t.co/icgRINDINC",4,0,0,0
2021-07-01 17:02:07+00:00,1410644901012951045,https://t.co/HuwDicoCTp,4,1,1,0
2021-07-01 13:59:05+00:00,1410598839942217733,"Some people have real humility. They can recognize their mistakes and learn from them. 

Some people only have fake humility. They never flex, but internally they have a big ego and don't admit mistakes.

Make sure you're the first kind ğŸ˜",7,1,0,0
2021-06-30 16:56:13+00:00,1410281029986926596,"Are you a coder who's built his own product, now trying to grow it?

Instead of perfecting your coding skills, try to become at least average at copywriting and design. 

Youâ€™ll unlock way more success.",39,2,7,0
2021-06-30 13:57:14+00:00,1410235987083640838,https://t.co/bAV2FD8QnG,2,0,0,0
2021-06-29 16:55:15+00:00,1409918396788088832,https://t.co/hGTZpd4ZEX,8,0,1,0
2021-06-29 14:02:12+00:00,1409874847119839243,"Participating on twitter and IH helps me grow my audience and get more sales, but at the cost of not shipping features that could improve the trajectory of my product.

I need to do both to be successful though, so I have to find a way to make it work.

Any ideas?",17,1,15,0
2021-06-28 16:59:18+00:00,1409557029824438277,https://t.co/zr99FC8KZf,2,0,0,0
2021-06-28 14:01:04+00:00,1409512176226873349,"2 weeks ago, @NathanLatka reached out to interview me for his podcast. I thought AWESOME, I'll use it to promote Logology!

But instead, I ended up sharing how we almost closed shop 2 years ago, after my mother passed away.

Now I'm scared to listen ğŸ˜¨

https://t.co/an3eRVuwYi",12,2,3,0
2021-06-27 07:48:18+00:00,1409055977454833669,I see no lies in here ğŸ¥‚ https://t.co/vICDXIf3zN,6,0,1,0
2021-06-25 19:02:03+00:00,1408500756978798598,"The challenges and mood swings of building your own startup are un-matched, except maybe by having kids.

The difference is, when you have kids, you at least have some faith that they'll turn out okay ğŸ˜‚",9,0,4,0
2021-06-25 12:55:15+00:00,1408408448694468608,https://t.co/gWrF5v1aBa,13,1,6,0
2021-06-25 08:23:43+00:00,1408340113902419968,Time to vote for one of the best marketing newsletter for indie hackers by @theandreboso  https://t.co/bXGHrDwOCe,5,0,1,0
2021-06-24 19:10:05+00:00,1408140387508760589,"Nobody said that building you startup would be easy, or enjoyable, or even make you rich.

Oh shit, some people actually did say that...

Sorry you were misled ğŸ˜¬",18,2,4,1
2021-06-24 13:02:07+00:00,1408047787573448704,https://t.co/Av8ZwPY2MF,14,1,2,0
2021-06-23 18:55:13+00:00,1407774260777660421,https://t.co/5HLHqh4jMO,3,0,0,0
2021-06-23 15:09:25+00:00,1407717434270814214,Crazy affiliate story. Well worth a read. https://t.co/bs2YUGWbKu,5,0,1,0
2021-06-23 13:55:12+00:00,1407698757920116738,"Indie makers when they start: ""I'll be a millionaire by summer, this idea is genius, why doesn't everybody build their own thing?""

Indie makers after 2 years: ""I might be broke but at least I love what I'm doing, and I've met a couple of nice folks""

ğŸ˜¬",41,1,6,0
2021-06-23 11:10:52+00:00,1407657402212683777,"How to grow on twitter, a 1 step plan:

1. Participate",14,3,2,0
2021-06-23 07:53:10+00:00,1407607651811442692,"Am I the only one who doesn't get any value from these posts: ""I bootstrapped my startup to $1M ARR, Ask me anything""?

Feel like it's always just re-hashed platitudes that don't teach you anything. Notable exception would be @yongfook breakdown of his rise to 10K MRR.",38,1,12,0
2021-06-22 19:54:11+00:00,1407426712980398086,"I designed 100+ versions of the UX for my new feature. Tried tons of ideas in it, adapting to all use cases. Then as it matured I started removing from it more and more. Down to 2 simple screens that anyone can understand.

I had to make it complex before I could make it simple.",4,0,0,0
2021-06-22 13:58:10+00:00,1407337117706031121,Hard life as an indie maker https://t.co/YG8er7Zsbm,21,1,0,0
2021-06-22 07:03:49+00:00,1407232842174771201,Letâ€™s support @AnthonyCastrio @indie_worldwide for their PH launch ğŸš€ https://t.co/gMXj15XCu3,8,1,1,0
2021-06-21 20:00:25+00:00,1407065893239152640,"Most people take a while to ""follow"" me. They will like a few posts, interact with me, but not follow right away. By tweeting everyday though, they keep seeing me pop up, and eventually they do.

It's the same with your product. You need to keep reminding people that you exist.",36,3,7,0
2021-06-21 17:32:20+00:00,1407028627494088706,"3x$99 sales on https://t.co/QMJQuwVcPD today let's goooooo ğŸš€

One had signed up Sept 12th.
One had signed up June 1st.
One had signed up June 18th.

Matches the distribution of our time to purchase quite well. https://t.co/m0Qi4daHFO",9,0,1,0
2021-06-21 14:04:24+00:00,1406976298774302731,https://t.co/rVrAZMlOab,4,0,0,0
2021-06-21 12:42:45+00:00,1406955751478902788,It felt incredible to be supported by other makers when that guy came in to steal our work. Thank you all ğŸ™ğŸ¥°https://t.co/kwCa2c5hCI,16,1,0,0
2021-06-20 17:17:40+00:00,1406662545889546245,"Nice list of fundamentals to keep in mind as you start your coding journey, especially as a non-native English speaker. 
I'm French and here most people feel intimated by English. It's a mix of luck and curiosity that made me fluent at 18, and it changed the course of my career. https://t.co/YUiqzonFSm",6,0,0,0
2021-06-19 19:58:23+00:00,1406340605479985152,"Here's what I reply to people who ask me how I'm doing:
 ""Well, ups and downs but going up on average"".

I think I've been running a startup for too long ğŸ˜‚",3,0,0,0
2021-06-19 14:05:28+00:00,1406251791629668356,meeting a lot of great indie makers on twitter lately! https://t.co/nd3uw6lzEl,14,1,0,0
2021-06-19 06:21:38+00:00,1406135062035419140,"Some people from your friends and family wonâ€™t understand why you spend so much time on your startup.

They wonâ€™t support you. Will resent you for â€œabandoningâ€ them. 

Happened with one of my best friends ğŸ˜•

But it will also reveal those that truly want you to succeed â¤ï¸ https://t.co/tjKu6q74JK",5,0,1,0
2021-06-18 19:59:22+00:00,1405978464814051328,"I've been working on my startup full time for 2.5years, living off savings. I'll keep at it until it's either profitable or I run out of money.

Itâ€™s risky but it forced me to learn business &amp; marketing, things I always avoided when it was a side project.

Huge growth experience.",27,1,2,0
2021-06-18 14:21:24+00:00,1405893411220099075,Thankful for all the support we got from the indie community after this episode. https://t.co/GQshx0OIWh https://t.co/g9t3j99zBa,5,0,0,0
2021-06-18 09:20:43+00:00,1405817741915852800,"Not the best feeling when a ""customer"" talks to you in the live chat to ask for help and then announce they will steal your work. https://t.co/z5hMqUlY5J",60,2,14,3
2021-06-18 05:12:34+00:00,1405755296123789318,"I might learn a thing or two from listening to founders who reached success, but I still have to walk the path myself.
Iâ€™ll make the same mistakes as they did, and learn the same lessons.
Like learning how to drive, we all go through the same stages until we finally get it.",4,1,0,0
2021-06-17 20:02:47+00:00,1405616936940195841,https://t.co/WkyTsIVNaP,2,0,0,0
2021-06-17 16:50:30+00:00,1405568549087813633,Proud to be @robertodigital_ first paying user for https://t.co/bJy2oT98HX. Great way to track your SEO progress without breaking the bank as an indie hacker. Product is well polished already and customer support is stellar.,3,0,1,1
2021-06-17 14:03:22+00:00,1405526486354776064,"Your tweet goes viral and tons of people signup to your app, you feel like youâ€™ve made it. But the next day, no new visits, no signups.
People have moved on for now but donâ€™t get discouraged, this is normal. Keep building, sharing, connecting. The next wave will be even better.",16,2,4,0
2021-06-17 11:38:06+00:00,1405489930139275266,"Biggest lesson Iâ€™ve learned recently. Even if you feel like something you started is going nowhere, itâ€™s better to finish and deploy it, even in a minimal state. Else you feel like youâ€™ve wasted time, and miss on an opportunity to be pleasantly surprised later. https://t.co/25hURNEkUU",3,0,0,0
2021-06-16 20:04:29+00:00,1405254976704847875,Working on new campaign for @logologydesign what do you think? https://t.co/H744QmFiaP,3,0,1,0
2021-06-16 14:38:06+00:00,1405172840006045700,"Solid advice. Strangers donâ€™t give a damn about what youâ€™re building. But if you make them feel a tiny bit less like strangers, theyâ€™re willing to give you a shot ğŸ¥‚ https://t.co/qLJSVMnyba",8,2,0,0
2021-06-16 13:55:20+00:00,1405162076272836615,"Iâ€™ve been participating more on Reddit lately, and started getting DMs from random people who read my stuff. One guy invited me to a zoom, so I went out of curiosity but expected it to suck.
Turns out heâ€™s a stellar dude and I might end up doing business with him. Incredible ğŸ¤¯",35,1,12,0
2021-06-15 19:54:27+00:00,1404890065709453318,"I see some accounts that have 20k followers but 2-3 likes on every post. What's the point of such a high count if nobody cares about what you say?
Just reached 200 followers and proud to see I'm building legit relationships with many of you  ğŸ©ğŸš€",37,1,7,0
2021-06-15 13:58:23+00:00,1404800458515009555,https://t.co/7FwrUb0Nfv,3,0,0,0
2021-06-15 11:41:11+00:00,1404765928571682816,Why did it take me 15 years to understand that the real value of Twitter is relationships?,7,0,1,0
2021-06-14 20:00:23+00:00,1404529171230040073,"Our most important KPI is probably: ""people who love what we do, save us to their favorites and will come back in 6 months when they actually need our services"". It's impossible to track though ğŸ˜…",6,0,1,0
2021-06-14 14:04:26+00:00,1404439591856312326,Monday is always special for @IndieHackers ğŸ˜… https://t.co/jMmTJAigc7,6,0,0,0
2021-06-14 10:22:52+00:00,1404383832745328640,"Just finished a post for indiehackers: if your product helps people, it is your moral duty to promote it.
https://t.co/WTE0HC5kNR",34,5,4,1
2021-06-13 13:59:22+00:00,1404075930549686273,https://t.co/jUg9RpShIq,7,0,1,0
2021-06-13 06:26:41+00:00,1403962005191630857,"I live in France and when I open twitter in the morning I see:
1. Lots of activity on my tweets during the night, by Americans who were still up
2. Tons of new interesting tweets in my timeline, by indians who already started their day

Iâ€™m in the center of the letâ€™s goooooooo ğŸŒ",24,1,3,0
2021-06-12 19:19:22+00:00,1403794072482029572,ğŸ˜‚ğŸ¤£ https://t.co/hQcJaROZbb,3,0,0,0
2021-06-12 13:13:00+00:00,1403701871114604544,https://t.co/EHbz70SOnM,79,2,4,1
2021-06-12 10:22:56+00:00,1403659071618682889,Just requested an invite to join @FounderCircleHQ  ğŸš€,1,0,0,0
2021-06-12 09:48:41+00:00,1403650453863284745,Which twitter bio do you prefer? A OR B? https://t.co/gcmjg9WaCq,1,0,1,0
2021-06-12 07:34:42+00:00,1403616735517982725,The biggest untapped market I can think of is founders who failed and are now faced with finding a job again. What could we build for them?,4,0,2,0
2021-06-11 18:13:30+00:00,1403415109314154498,Now I almost which my startup would fail so I can go work for him ğŸ˜‚. He gets me! https://t.co/qU8MCebuG7,2,0,0,0
2021-06-11 15:21:02+00:00,1403371703892389891,If you know how to jump in a conversation between strangers at a party... you know how to grow your twitter.,5,1,1,0
2021-06-11 12:08:02+00:00,1403323133046804481,"Can somebody explain to an old chap like me, who learned to code websites before CSS, why tailwind is so cool?

I still do everything custom, although I did use bootstrap for a while a couple of years ago.",3,0,2,0
2021-06-11 10:54:04+00:00,1403304518834589699,"I'm running an A/B test on @logologydesign, testing 5 different labels for the main call to action.

The best performer is seeing a +50% improvement on the number of people who reach the ""wow moment"" of our app, the logo proposals page. This is huge. https://t.co/j9xIsZNkDo",6,0,3,0
2021-06-11 09:20:26+00:00,1403280956988010498,"In the past I worked for demanding clients. I even had to cancel a planned vacation to meet a deadline once. Very stressful.

But since I left to do indie hacking full time, I got to meet real anxiety. The fear of not knowing whatâ€™s next.

Itâ€™s a whole other level.",3,0,0,0
2021-06-10 13:38:56+00:00,1402983624429895700,"I'm noticing that when I participate on social media for a while, it stops becoming as exciting and therefore I can reclaim my productivity.

Maybe the key is to ALWAYS be on twitter ğŸ˜…",5,0,0,0
2021-06-10 11:34:52+00:00,1402952400466550791,"Thanks to all the support I got for @logologydesign over the last couple of days, I feel way more energy to keep pushing  and finally make it profitable.

The indie journey has ups and downs, but the organic support from other makers is a super power.

Let's goooooo!",14,1,3,0
2021-06-09 14:35:04+00:00,1402635362703396866,"Iâ€™m starting to think the number one skill to have as a founder is the ability to switch context quickly.

Today, I canâ€™t get myself to focus on code because Iâ€™m still high from the marketing I did yesterday.

I lose a ton of productivity like this. Need to improve.",2,0,1,0
2021-06-09 12:19:21+00:00,1402601209039630342,"The hardest part of being a founder for me is that I need to focus on marketing over building.

I wanted to create my dream job, where I could do what I love everyday (code and ux) without a boss telling me what to do.

Turns out it doesnâ€™t work if I only do that.",7,1,0,0
2021-06-08 17:03:30+00:00,1402310328034250753,"We keep getting traffic to https://t.co/QMJQuwVcPD because people love the design of our landing page.

I just posted on https://t.co/nRsERmAQqR about the new homepage and it's getting out of control ğŸ¤¯ https://t.co/IadGukqrw8",6,0,0,0
2021-06-08 13:34:23+00:00,1402257704085823491,"Just learned about https://t.co/ABg9grA1jm, the design is beautiful!",1,0,1,0
2021-06-08 10:38:45+00:00,1402213500534022153,"Imagine launching on product hunt today, preparing for weeks and... the internet is down.",2,0,1,0
2021-06-03 07:59:48+00:00,1400361562393743366,Really neat app by my friend @AnotherTimJones to bring some fun to your slack workplace ğŸŠğŸ‰ https://t.co/OJ2a9zF49t,2,0,1,0
2021-06-01 10:49:16+00:00,1399679434127458311,Neat and useful tool for managing the colors of your app. https://t.co/jzJ0ZVMlqp,0,0,0,0
2021-06-01 08:43:03+00:00,1399647668490670080,"So great to see @anilkilic on indiehackers top stories. You deserve it mate, that new tool is super promising. https://t.co/VC6bOTaF48",3,0,1,0
2021-03-29 17:58:43+00:00,1376594686685671425,Love the last one :) https://t.co/ZnkwdEBAnz,3,0,0,0
2021-03-24 16:53:07+00:00,1374766239122358272,"Have a pretty deep authentication issue on my app.

My dev instinct: go to the root of the problem and rebuild everything to perfection (takes days)
My founder instinct: find a nice UX trick to solve 80% of the problem in 1 hour and move on

Which one?",0,0,1,0
2021-03-22 16:30:21+00:00,1374035731530801159,Working on my conversion funnel like https://t.co/Nki4dwgFYJ,3,0,1,0
2021-03-10 10:05:39+00:00,1369590266567532546,Je me connecte Ã  @OVHcloud_FR pour checker mes services. Le code dâ€™authentification lui mÃªme annonce la couleur ğŸ˜… #ovh incendie https://t.co/Gr4RfaRj0s,2,0,1,0
2021-03-05 18:16:01+00:00,1367901729430380544,Just what I needed. Amazing inspirations listed here. https://t.co/TptckdIlFc,0,0,0,0
2021-03-05 14:34:47+00:00,1367846054226460676,"New makeover by @LucieBaratte, a list burger ğŸ”? Way to make an app look playful! https://t.co/YuePJRt0DC",3,0,0,0
2021-03-02 14:20:06+00:00,1366755194663534601,"Very interesting distinction. We use IndieHackers as a great learning and support group, but it's not who we're going to sell to in the end. https://t.co/dCSeE1O2M8",2,0,1,0
2021-02-27 16:17:39+00:00,1365697615380312066,"Since starting logology, we went from Â« shit weâ€™ve made a zero to one product!Â Â» to Â« oh itâ€™s just a better version of XÂ» 2 or 3 times already. Still waiting for the final call ğŸ¤”ğŸ§ğŸ˜",2,0,0,0
2021-02-25 17:19:41+00:00,1364988450676629506,"Again, fantastic work by @LucieBaratte, best logo designer I know. Able to turn two sentences form an entrepreneur into a meaningful design proposal. https://t.co/IV0PJjjUVx",3,1,0,0
2021-02-24 12:55:00+00:00,1364559451756367876,"1/ It feels pretty scary sharing the following, since Iâ€™m used to showing only the successful parts of my journey. But I feel like this could help others in the same situation.

Over the past 3 months, itâ€™s become way harder to make progress on @logologydesign.

Thread ğŸ‘‡",2,1,1,1
2021-02-19 14:06:25+00:00,1362765486468059141,Trying something new with logology. Free logo makeover of a fellow @IndieHackers  every week! Beautiful work by @LucieBaratte. https://t.co/8fmQFcj55R,3,0,0,0
2021-02-16 09:56:10+00:00,1361615347032485891,"Super interesting content, worth checking out. https://t.co/lU2SYJ5PJZ",1,1,1,0
2021-02-12 13:16:24+00:00,1360216185149788163,"If you had found a cool logo but didnâ€™t have the budget, nowâ€™s your chance to win it! https://t.co/et9ORajc9U",1,0,0,0
2021-02-10 14:13:24+00:00,1359505754483548163,Once again amazing work by @LucieBaratte https://t.co/f00KMPsgyb,2,0,0,0
2021-02-10 07:56:15+00:00,1359410841368543233,"The first tweet of a thread is like a tiny landing page, trying to make you click. 

I hate having my timeline filled with those, as it breaks the flow of information. Feels like ads.

Twitter needs a better UX so people get thread engagement without resorting to sales pitches.",2,0,0,0
2021-02-05 09:02:26+00:00,1357615555499466752,"There was a bug in my twitter app, and the feed stopped showing more tweets as I scrolled down. There was an end to the scrolling. For a moment I felt free and relieved.",3,0,0,0
2021-02-05 08:39:44+00:00,1357609841934671872,"Being an entrepreneur sucks. I can feel it more and more with constant anxiety, chaos, griping fear of losing it all...
But being anything else sucks even more: not being a master of my own destiny, building the dream of somebody else, having to obey and submit... https://t.co/vVNYLmWX75",1,0,0,0
2021-01-28 10:20:17+00:00,1354736046731358210,Gonna try to rank for Â«Â logo real estateÂ Â» soon. Nailing intention is key. https://t.co/iue7Lc72WH,2,0,0,0
2021-01-27 14:51:17+00:00,1354441854515879936,"I expected a boring success story, but it's more of a ""how I stumbled upon the path"" story. Much more interesting! https://t.co/pvM4GJ17Xw",0,0,0,0
2021-01-27 14:31:36+00:00,1354436903559434242,"We've been on a roll lately, adding ~20 logos a week. Not even had time to announce them all ğŸ˜… https://t.co/ses2TLkQpd",4,1,0,0
2021-01-24 10:06:47+00:00,1353283094942511107,"Me 3 years ago: â€œWe should be able to reach profitability within 18 months!â€... 3 years later, still figuring it out ğŸ˜… https://t.co/FKhNjApbgo",0,0,0,0
2021-01-24 10:04:35+00:00,1353282541344739328,"Yep. @LucieBaratte had been designing custom logos for clients years, and became amazing at it. So we built @logologydesign, to make her unique skills into an automated system. https://t.co/OeYwz5jvZR",0,0,0,0
2021-01-23 10:38:21+00:00,1352928652414095361,Very insightful thread ğŸ‘ https://t.co/k3tJ15cQeE,1,0,0,0
2021-01-14 15:35:14+00:00,1349741875469705219,Simple but best advice Iâ€™ve seen lately. https://t.co/kvOoySeLuo,2,0,0,0
2021-01-13 15:23:29+00:00,1349376528140873731,Add one more: use this freaking illustration style. https://t.co/5uucvnFw13 https://t.co/6ZdQbqbvxm,0,0,1,0
2021-01-13 13:07:18+00:00,1349342258890477568,My dirty secret to achieve this? Pretend like sales and marketing donâ€™t matter. https://t.co/H4IUBEKY6o,1,0,0,0
2021-01-13 08:34:08+00:00,1349273511353856000,ğŸ˜‚ FACTS https://t.co/jCd5DO6P3v,1,0,0,0
2021-01-12 22:00:02+00:00,1349113936558362630,"Life goal: make @logologydesign so successful that people do feature requests on twitter, unprompted. https://t.co/qux1WlQEVw",1,0,0,0
2021-01-12 21:54:46+00:00,1349112613389660161,Looking forward to Logology year 2! https://t.co/PVzwOtnSz8,1,0,0,0
2021-01-08 11:59:40+00:00,1347513296686092289,Nice way to find product names by @sxsio https://t.co/iQhiz8iPSH,3,0,1,0
2021-01-08 09:30:16+00:00,1347475702149378055,"ahah thanks for the inspiration, now I know what to call indiehackers I don't like ğŸ˜‚ https://t.co/ZELr6A2BFu",0,0,0,0
2021-01-07 13:41:29+00:00,1347176534575099906,"Pricing is very random, at least at first. https://t.co/31XChskrdv",2,0,0,0
2021-01-06 18:46:59+00:00,1346891025957138433,Very promising idea for remote work https://t.co/UqGanuHUQ6,2,0,0,0
2020-12-31 16:56:46+00:00,1344688962812710913,"Of course you can have a meaningless logo and be successful, you just need enough funds to bombard people with ads until they remember it :-). For everything else, there is @logologydesign https://t.co/ZseRXngH5P",3,0,1,0
2020-12-31 14:36:09+00:00,1344653576933695488,Keep your eyes open for new ad channels opportunities! https://t.co/DnrxIspu6X,0,0,0,0
2020-12-18 09:09:09+00:00,1339860240960000000,"When companies talk about â€œgiving employees autonomyâ€, it reminds me of how parents talk about their kids. They might give you some freedom, but theyâ€™re still in charge of everything. Youâ€™ll never have true freedom as long as somebody else is in charge.",3,0,0,0
2020-12-16 22:29:36+00:00,1339336906576982020,"Itâ€™s increasingly difficult to organize my thoughts on @logologydesign, as I have too many ideas in different areas all the time. Notes are too limited, Notion is slow and messy... So Iâ€™m gonna give Roam a try. Was convinced by this article https://t.co/kWkP3nkiIY",1,0,0,0
2020-12-16 20:49:02+00:00,1339311597039345665,Everything is in there. Nothing unnecessary. https://t.co/ip450m91pr,2,0,0,0
2020-12-15 14:57:20+00:00,1338860702044286977,"Feels great when people appreciate our hard work. Should I mention that we didn't ditch the designer, she's actually at the heart of everything we do @LucieBaratte ğŸ˜€ https://t.co/sbwKb3Pqja",5,0,0,0
2020-12-15 10:49:42+00:00,1338798381028831232,"Great trick, doing it now. https://t.co/peZSYmxekc",0,0,0,0
2020-12-06 11:19:50+00:00,1335544473045110785,"Just got on the waitlist for Pheedback. If you want to get feedback on your projects for free, you should be on here too! 

Sign up for early access at: https://t.co/WTPk1L5CuH

(cc: @pheedbackco)",0,0,0,0
2020-10-28 19:11:43+00:00,1321530099905273857,"Meanwhile during COVID, I'm trying to make @logologydesign into a revolutionary product. https://t.co/MopO6CPTPH",1,0,0,0
2020-10-27 16:11:07+00:00,1321122261848543233,Another great work by @LucieBaratte https://t.co/4H6jwc0xT6,3,0,1,0
2020-10-21 10:42:49+00:00,1318865317586718722,Short essay (3 min read) on motivation for indie hackers and founders. How do you find motivation? https://t.co/t5UONORNo6,2,0,0,0
2020-10-16 10:14:44+00:00,1317046310197972992,"Took a while to build this, let's see how people love it ğŸ˜€ https://t.co/Lq9TD8QUoj",2,0,0,0
2020-10-08 19:14:56+00:00,1314283154056900609,"Weâ€™ve had around 20 people tell us that they think @logologydesign is stupid / they hate it. And probably around 50 who told us they love how refreshing and original it is.
The weird part? They almost ALL talk about the same thing ğŸ˜‚",0,0,0,0
2020-10-08 18:19:08+00:00,1314269110071627779,"Last week somebody completely trashed my app in a IH comment. Had to remind myself that the number of haters doesnâ€™t matter, only the number of true fans count (and Iâ€™ve got a few!) https://t.co/cKHktTogoL",3,0,2,0
2020-10-07 17:30:51+00:00,1313894572599189507,"Itâ€™s cool to be inspired by startups that blow up and grow super fast, but donâ€™t let it get to your head.

If making millions is still out of reach for you, base profitability and freedom from employment likely isnâ€™t.

Youâ€™re almost there.",2,1,0,0
2020-10-06 13:09:03+00:00,1313466298408599553,Very interesting look into the impact of credit payment solutions on conversion rates. https://t.co/JfyGjmRuMu,2,0,0,0
2020-10-06 09:58:01+00:00,1313418225208766466,Steve Jobs passed away 9 years ago. One of my favorite things from him was how he envisioned the recruiting process. Words to live by. https://t.co/FZO1PgRZhr,2,0,0,0
2020-10-04 15:53:24+00:00,1312782883665444865,Insightful breakdown of how to launch on ProductHunt. Especially interesting bits about building an initial audience to ensure success. https://t.co/eBjsMkp7Cm,1,0,0,0
2020-10-04 11:09:01+00:00,1312711314997993472,Back to coding after a couple of weeks focused on strategy and product. Had to go through an hour of struggle with my deployment CLI before I could actually start. Feels exactly like a warmup before a workout ğŸ’ª!,5,0,0,0
2020-10-04 08:02:21+00:00,1312664339812364288,My producthunt launch strategy. https://t.co/r5yHt8SXlC,0,0,0,0
2020-10-02 14:58:16+00:00,1312044232098697224,"Always enlivening to defend our vision for @logologydesign against people telling me it's not the way things work. I take solace knowing I'm in good company (Snapchat, AirBnb, etc.)",1,0,0,0
2020-10-01 12:29:01+00:00,1311644287441031168,New York Times discovers fire is hot. https://t.co/S1cZUh9xMI,0,0,0,0
2020-10-01 12:27:33+00:00,1311643918048595968,It sounds unfair when you say it like this. Itâ€™s just nature really. Gravity doesnâ€™t care if your planet has been working out lately. The black hole will suck it in all the same. https://t.co/ugd8XY4INp,1,0,2,0
2020-09-29 11:24:31+00:00,1310903276406280192,"When you know what to ignore, you are naturally left with what you want to pursue. However if you focus on what to pursue, you are still bothered by things that you should have ignored. https://t.co/A3EIhPIArM",0,1,0,0
2020-08-08 20:21:50+00:00,1292194329272909824,Apple: Save the Pear from Apple! End Apple's Aggressive Opposition of Small Businesses with Fruit Logos - Signez la pÃ©titionÂ ! https://t.co/3MWFGRJDye via @ChangeFrance,1,0,0,0
2020-07-29 05:02:48+00:00,1288339169312493568,A lot of people miss the value of taking risk when building their startup. For example: â€œwhy use your own money instead of investorâ€™s?â€ or â€œwhy not do it part time and keep your day job?â€. Hereâ€™s why. https://t.co/QeqBmMNvEu,0,0,1,0
2020-07-01 14:45:26+00:00,1278338930480463872,Convention citoyenne pour le climat ou rÃ©action bourgeoise en bonne et due forme ? - Le courrier des stratÃ¨ges https://t.co/QcpjPyPhhz,0,0,0,0
2020-06-16 15:04:37+00:00,1272907942195585025,Lettre ouverte Ã  un jeune FranÃ§ais prÃ©nommÃ© Youssef https://t.co/2pH6kFMKR0,0,0,0,0
2020-06-14 12:48:35+00:00,1272148930881564672,"Mandatory mask wearing for everyone + cancel events with thousands of people. Don't need anything else. Too simple for our ""elites"". https://t.co/ABSqjU5mzh",0,0,0,0
2020-06-09 05:04:19+00:00,1270220156321632257,Applies to marketing as well. https://t.co/9fzeCElMEA,0,0,0,0
2020-06-03 13:05:08+00:00,1268166831690391568,Nasty. https://t.co/OVtp0w814q,0,0,0,0
2020-06-02 00:31:17+00:00,1267614730836938773,I donâ€™t think thereâ€™s anything better than a contrarian viewpoint in a time like this. Thank you ğŸ™ https://t.co/ufydT6kAhZ,0,0,0,0
2020-05-26 09:06:41+00:00,1265207720514379776,Steve Jobs on the importance of #skininthegame @nntaleb  https://t.co/q6elJhiwXS,1,0,0,0
2020-05-24 12:17:30+00:00,1264530966703415296,"Je te tiens, tu me tiens, par le Roi Barbiche https://t.co/IW3fX06R5D via @libe",1,0,0,0
2020-05-13 09:46:57+00:00,1260506812903829506,The software economy is bigger than you think! (13 times bigger...) https://t.co/57CzSM6KKv,1,0,0,0
2020-05-09 08:00:05+00:00,1259030365710270464,Restaurants are so 2019 ğŸ˜… https://t.co/KP6pLQQdi1,0,0,0,0
2020-04-30 18:04:50+00:00,1255921065219538950,Give us your feedback! Looking for honest feedback on Logology https://t.co/JeDOwo9VGN via @IndieHackers,0,0,0,0
2020-04-25 15:15:13+00:00,1254066442271698944,"Apparently, some people take notion very seriously. Brilliant! https://t.co/lzFmXgiYjF via @YouTube",0,0,0,0
2020-04-25 14:59:20+00:00,1254062445271924736,"So simple, so clear, so competent. https://t.co/ZokGjbE8W6",1,0,0,0
2020-04-22 15:17:12+00:00,1252979776593240064,ID Software: Let Mick Gordon mix the FULL Doom Eternal OST release and/or return for future Doom games - Signez la pÃ©titionÂ ! https://t.co/liFdytfk7i via @ChangeFrance,0,0,0,0
2020-04-22 08:44:58+00:00,1252881066848694277,ğŸ˜‚ https://t.co/YItxoqdMUd,0,0,0,0
2020-04-08 17:15:26+00:00,1247936100804497409,"probablement deux fois plus de morts qu'annoncÃ©s officiellement. (donc plutÃ´t 20,000 que 10,000, dÃ©jÃ ...)
https://t.co/P2MH4pu2rs",0,0,0,0
2020-04-05 15:47:28+00:00,1246826800455520269,YOLO https://t.co/pfZ5PIiyeA,1,0,0,0
2020-04-03 19:36:41+00:00,1246159708119085057,Peter Thiel: You Are Not a Lottery Ticket | Interactive 2013 | SXSW https://t.co/7p2ltdms0S via @YouTube,0,0,0,0
2020-04-02 13:48:23+00:00,1245709665440354305,I want one! https://t.co/RpWyhy7w3C,0,0,0,0
2020-04-01 07:52:51+00:00,1245257806263042048,Merci pour cet article France Inter. https://t.co/jJ8JXOdvWN,0,0,0,0
2020-03-30 16:00:08+00:00,1244655661499154435,Bon travail dâ€™investigation de nextinpact. On peut lÃ©gitimement penser que le nombre de morts en France est nettement sous-estimÃ©. Comme en Italie dâ€™ailleurs. https://t.co/eZMNoFv1q0,0,0,0,0
2020-03-28 15:47:40+00:00,1243927745488400384,"Reviewers of the new MacBook Air say that the keyboard is more reliable because Apple reverted to an old design. What they don't say it that Apple made a few changes to this old design, so we don't actually know about reliability for this one. Use caution.",0,0,0,0
2020-03-28 11:16:38+00:00,1243859536982802432,"Macron affirme qu'on a de meilleurs rÃ©sultats que l'Italie. Je peux comprendre qu'il se soit trompÃ© au dÃ©but, pas qu'il se foute de nous ajd. La France suit exactement la trajectoire du nb de morts de l'Italie, ne vous laissez pas berner par le nb de cas (car on teste moins). https://t.co/vOyhDuKHzY",1,0,0,0
2020-03-28 11:03:51+00:00,1243856323864903681,I didn't know that's how it worked. Amazing. https://t.co/miU82C9TQ6,0,0,0,0
2020-03-26 22:10:46+00:00,1243299382935633920,#NeverForget https://t.co/bV95MQLvfl,0,0,0,0
2020-03-25 13:01:28+00:00,1242798757609078784,Thank you James ğŸ™ https://t.co/uWkPDMpozd,0,0,0,0
2020-03-23 15:07:19+00:00,1242105650991292416,This guy should be in charge of EVERYTHING. https://t.co/oTPEzl5Z9W,0,0,0,0
2020-03-23 14:54:36+00:00,1242102452465385481,"Â«Contre le Covid-19, il faut massifier les tests!Â»: lâ€™appel de trois spÃ©cialistes https://t.co/fJAZiuQ3Bx",0,0,0,0
2020-03-22 13:50:10+00:00,1241723847499448327,juste un t-shirt Ã  la place dâ€™un masque câ€™est dÃ©jÃ  diviser le risque par 2. https://t.co/4NZRsAiHcZ,1,0,0,0
2020-03-19 10:12:22+00:00,1240581876429082624,"Jâ€™espÃ¨re que le @gouvernementFR rÃ©alise quâ€™on en a pour des mois voire des annÃ©es. La solution du 100% lockdown dÃ©truira lâ€™Ã©conomie inutilement. Il faut tester 10x plus de gens, dÃ¨s quâ€™il y a suspicion, pour permettre aux autres de continuer leur activitÃ©. Copiez la CorÃ©e du Sud!",1,0,0,0
2020-03-19 10:04:42+00:00,1240579946755633152,"Les Italiens ne voient pas de progrÃ¨s suffisants aprÃ¨s 10 jours de confinement; les gens commencent Ã  braver lâ€™interdiction de sortir (10.000 verbal. / jour contre 2.000 au dÃ©but). Seule une solution Ã  la corÃ©enne marchera sur le long terme, car elle laisse 99% vivre normalement.",0,0,0,0
2020-03-19 09:53:29+00:00,1240577123066265603,Our European countries lockdowns are a mediocre response. We shoud focus on testing 10.000 a day including asymptomatic. That way we can lock down only those who have it and keep 99% of people free. Much more manageable for the months (years?) to come. South Korea style!,0,0,0,0
2020-03-17 08:10:56+00:00,1239826539447046144,Relieved that the uk is waking up. https://t.co/BmyLPoYxr8,0,0,0,0
2020-03-16 17:39:23+00:00,1239607206863163393,"mdr! Malheureusement je crois que si il avait tentÃ© d'imposer un blocage plus tÃ´t, avant que les gens n'aient pris conscience de la gravitÃ©, ce serait devenu ingÃ©rable. Par contre on peut clairement lui reprocher de ne pas avoir fait accÃ©lÃ©rer cette prise de conscience. https://t.co/GKxgaJdCi2",0,0,0,0
2020-03-16 17:14:01+00:00,1239600821769289728,"If French government announces lockdown of whole country tonight, it means they are capable of learning from their mistakes and those of other countries. If they only lock down Paris, it means they are incapable of such learning. What do you think it will be?",0,0,0,0
2020-03-15 17:51:11+00:00,1239247788052971521,Tu sais que câ€™est pas une situation comme les autres quand le rond point des postes de Lille est tout tranquille un dimanche soir.,2,0,0,0
2020-03-14 12:45:20+00:00,1238808431945015296,"Si on veut sauver des vies, seule la mÃ©thode asiatique est fiable. Mais il semble que sauver des vies nâ€™est quâ€™un paramÃ¨tre parmi  dâ€™autres en France. 
https://t.co/Tj4oDhWV4r",0,0,0,0
2020-03-14 11:48:53+00:00,1238794222905499649,"1/ The covid situation has been emotionally hard on me for the past two weeks. Initially it was the fear of seeing the world collapse and people die. For the past few days however, itâ€™s been the collective response of our â€œenlightenedâ€ countries that has put me in despair.",0,0,1,0
2020-03-12 11:27:43+00:00,1238064123189112832,Short and brilliant post about why our governments are not acting https://t.co/fxKX2EkZzO,2,0,0,0
2020-03-10 10:30:04+00:00,1237324837904842752,Merci Luca pour ce super rÃ©sumÃ©! https://t.co/W7c3LFXceZ,1,0,0,0
2020-03-08 11:52:00+00:00,1236620681795842048,Quick and easy way to understand whatâ€™s happening. Why we should worry now to avoid a catastrophe later. https://t.co/9ZKiGjKsgc,0,1,0,0
2020-03-07 15:55:18+00:00,1236319521025163267,"In France, we have one of the best healthcare system in the world. Our doctors are competent and conscientious, able to work under huge pressure. We trust our system deeply, and donâ€™t usually question it. It works great under normal conditions.",0,0,2,0
2020-03-06 15:52:26+00:00,1235956411512864775,"CORONAVIRUS. ProtÃ©geons nos enfants! Fermeture des Ã©coles et des UniversitÃ©s: Si lâ€™Ã©pidÃ©mie de #Coronavirus atteint le stade 3, ce qui est inÃ©vitable, ferme les Ã©coles - Signez la pÃ©titionÂ ! https://t.co/cR6IYkJv78 via @ChangeFrance",0,0,0,0
2020-03-03 08:13:34+00:00,1234753769994424320,Thanks for making me stop complaining about how weâ€™re handling it in France. Thatâ€™s messed up. https://t.co/YGMr7KQ7LP,0,0,0,0
2020-03-02 12:26:39+00:00,1234455072828018688,Feeling anxiety about the way our governments handle coronavirus. The only reason why China stopped the bleeding is because they took drastic measures. Our leaders donâ€™t seem willing to do that. I fear a much bigger impact in Europe / USA than China...,0,0,0,0
2020-02-29 09:34:27+00:00,1233686962369966080,"Exactly what I was thinking... China took steps that our governments refuse to take, and yet we still blame them for the problem. Right now I donâ€™t want clueless globalist Macron as a leader, I want a border-closing maniac! https://t.co/Faf3dG6wYx",0,0,0,0
2020-02-25 17:53:59+00:00,1232363122926727174,"Top thing I learned in my first year launching a startup: what made me valuable as a contract developer doesnâ€™t translate to being a good founder. Even though my skills are useful, the way to apply them must change radically from what Iâ€™m used to.",0,0,1,1
2020-02-25 13:58:26+00:00,1232303843360288769,Ahah brilliant! https://t.co/KhMfS0MCh7,0,0,0,0
2020-02-24 12:10:44+00:00,1231914353731022850,"Yesterday, I forced myself to look at our @logologydesign task list more objectively. I didn't stop until I found the ones that truly mattered on the road to our first sale. Now everything seems simple and clear, and I'm confident that we'll have our most efficient month ever!",3,0,0,0
2020-02-23 09:20:51+00:00,1231509212410368001,"ProfondÃ©ment choquÃ© que notre ministre de la santÃ© ait quittÃ© son poste, pour des raisons politiciennes, en pleine explosion du coronavirus. Un tel manque de responsabilitÃ© me dÃ©goÃ»te.",0,0,0,1
2019-12-23 12:22:15+00:00,1209086815996727299,"Capitalism was born to gain freedom from the monopolies of states, with the understanding that no other monopoly should be allowed either. But over time, state actors got swayed by the promise of money and jobs, and let the wolves back in. https://t.co/6ymkeKiV3X",1,0,0,0
2019-12-14 10:11:22+00:00,1205792386036703232,"The web revolves around social now. There is an opportunity to make a search engine that goes to the heart of what people find valuable, not just what Â« has more links Â» or Â« pays more Â». Plus google has lost their edge so wouldnâ€™t compete. Sigh... so many cool things to build! https://t.co/xxlp9kCG6q",0,0,0,0
2019-12-11 21:33:55+00:00,1204876992748949505,I just donated to @internetarchive. Support free access to knowledge! https://t.co/ciUmKxDjsn,1,0,0,0
2019-11-27 09:48:01+00:00,1199625918425292800,"Full time user of amplify for the past 6 months. Even though it doesnâ€™t match the ease of use of firebase, its potential is much greater. With the pace of improvements their team produces, it looks like it will soon not just match its competitor, it will completely surpass it! https://t.co/r8IrWxHpza",20,6,1,0
2019-10-30 20:46:37+00:00,1189644801811144704,clap clap https://t.co/hO1DHKWmnN,1,0,0,0
2019-10-16 13:08:16+00:00,1184456020657135618,"Stop getting mad because people donâ€™t care about your project. Itâ€™s not personal, itâ€™s an automatic quality filter against all the people who say theyâ€™ll do something but never deliver. Build something real and show them, theyâ€™ll care.",4,0,0,0
2019-10-06 09:09:11+00:00,1180771978111832064,Cela vous inspire-t-il cher @DidierRoustan ? https://t.co/8jrkwokiMq,0,0,0,0
2019-10-02 06:30:44+00:00,1179282550067519488,"Itâ€™s riskier to be an employee than an entrepreneur, period. Both can lose everything at any point, but entrepreneurs are used to living in chaos, and learn to constantly adapt to survive. It makes them more able to bounce back in times of crisis (see antifragile by @nntaleb) https://t.co/bTVMTafFkG",0,0,0,0
2019-10-02 06:19:25+00:00,1179279699631071232,"Holy cow! Exactly what we needed for @logologydesign, just WHEN we need it! @AngeZanetti CI issues of last week are solved! https://t.co/ab7HaiO4qG",1,0,0,0
2019-09-27 14:44:55+00:00,1177594974357114880,"The wait, the doubt, and then the moment when we launch our beta @LucieBaratte @AngeZanetti https://t.co/lTgemzGttL",2,0,0,0
2019-09-22 09:55:44+00:00,1175710261384290304,1/2 There is a hidden benefit for programmers to work on a slower computer: itâ€™s an incentive to optimize code and setup for speed. I 10xed my performance skills working exclusively on the entry level MacBook Air for years. https://t.co/t0XyiRwI6B,0,0,1,0
2019-09-22 09:45:46+00:00,1175707754159333379,Best example Iâ€™ve seen yet. https://t.co/MC2y7oOUqd,1,0,0,0
2019-09-21 09:10:42+00:00,1175336539611684864,"Anything @lukew talks about is gold. Even if you suck at graphic design, interface design, etc... If you simply apply the fundamentals that he teaches, you will end up with a great UX that people love. https://t.co/JSpcNb5qpd",7,1,1,0
2019-09-14 09:01:57+00:00,1172797625034301442,"After years of using firebase, I looked for an alternative that wouldnâ€™t store my users data at Google, for privacy concerns. Amplify is still rough around the edges, but Iâ€™m impressed with its power and flexibility. It could become big! https://t.co/uyYvVNzWqV",1,1,0,0
2019-09-10 14:08:51+00:00,1171425306810277889,"Obsess over an engineering problem for days, creating a complete mess of things just to eventually reach the desired outcome. Then, when all the frustration and chaos is gone, magically figure out a 10x simpler solution. Done.",2,0,0,0
2019-08-07 07:36:11+00:00,1159005301288374275,This one hurts ğŸ˜¬ https://t.co/gvg6nFI2xu,1,0,0,0
2019-07-14 09:22:59+00:00,1150334866921263104,Shopify and the Power of Platforms â€“ Stratechery by Ben Thompson https://t.co/opVhRDEWrp,0,0,0,0
2019-06-13 13:53:33+00:00,1139168937021779968,Feminism 2.0 https://t.co/zqcnl5UHcP,0,0,1,0
2019-06-13 07:45:48+00:00,1139076388378595328,The feature I dream twitter would have â€œmute political posts from Xâ€ (or any subset of tweets by topic),0,0,0,0
2019-06-07 08:40:10+00:00,1136915741951823874,"Exceptionnel, Ã§a va te plaire @AngeZanetti  https://t.co/UvO5876i1w",2,3,1,0
2019-06-06 16:54:54+00:00,1136677857567092736,Je sais pas comment teamg1 existe encore Ã  lâ€™heure dâ€™internet mais Ã§a fait trop de bien de vous voir en direct  #TEAMG1E3,1,0,0,0
2019-06-06 16:50:56+00:00,1136676859926548480,Lol stadia câ€™est moins bien que le game pass. #TEAMG1E3,1,0,0,0
2019-06-06 16:47:44+00:00,1136676055559708672,"Je comprends mÃªme pas pourquoi Google se donne autant de mal pour au final sortir un truc aussi inutile. Une console dans le cloud par abonnement, sans jeu LOL #TEAMG1E3",2,0,0,0
2019-06-06 16:44:51+00:00,1136675328397627392,"Sans exclus, et en obligeant Ã  acheter les jeux comme partout ailleurs, aucun intÃ©rÃªt pour stadia. Rien Ã  voir avec un abonnement donnant accÃ¨s Ã  tout. #TEAMG1E3",1,0,0,0
2019-06-06 16:42:32+00:00,1136674747763318785,"Quel intÃ©rÃªt de stadia par rapport au futur service de Microsoft par exemple, qui aura des exclus, sera dispo sur switch et sÃ»rement autre support, etc. #TEAMG1E3",0,0,0,0
2019-06-06 16:40:34+00:00,1136674249123536897,Super dÃ©cevant stadia. Les gamers ne changeront pas leurs habitudes juste pour Ã©conomiser le prix dâ€™une console. Sans aucune exclu de surcroÃ®t. #TEAMG1,0,0,0,0
2019-05-24 04:24:48+00:00,1131778045768019969,Non ğŸ˜¨ https://t.co/KeYVrr65qO,0,0,0,0
2019-05-23 09:34:18+00:00,1131493546798854144,"BOOOOOM! ""If this guy offers me 1 Million Dollars, how much am I really worth?"" https://t.co/bJlasy4DhW",1,0,0,0
2019-05-16 11:02:40+00:00,1128979071956901888,Just got a free Rails 6 update of my favorite Rails video course from @pragmaticstudio.ğŸ˜ https://t.co/8xaUb06ouw,2,0,0,0
2019-05-13 15:25:55+00:00,1127958157429477377,Faut quâ€™il reste la saison prochaine il b***se tout ce mec ğŸ˜ https://t.co/kyqoqrvIlF,0,0,0,0
2019-05-02 19:55:15+00:00,1124039668260114433,â€œWhite oak pastures beefâ€ le bÅ“uf avec un impact carbone nÃ©gatif :-) https://t.co/69nphgmqLh,2,0,1,0
2019-04-11 19:00:15+00:00,1116415681321422848,"Je me fais chier Ã  optimiser mon alimentation comme un tarÃ© pour gagner 10 ans dâ€™espÃ©rance de vie, et je vais creuver Ã  35 piges dâ€™une crise dâ€™asthme rue de BÃ©thune ğŸ™ƒ https://t.co/W50utPULzQ",0,0,1,0
2019-04-03 15:16:42+00:00,1113460320687853568,Le biais du progressisme: â€œla modernitÃ© câ€™est gÃ©nial donc pas besoin de rÃ©flÃ©chirâ€ https://t.co/f6Igb6Pghb,0,0,0,0
2019-03-29 08:33:15+00:00,1111546849826144256,Fok fok fok,0,0,0,0
2019-03-19 09:25:59+00:00,1107936243566944257,Niquer des mÃ¨res. Niquer des mÃ¨res. Niquer des mÃ¨res!,1,0,0,0
2019-02-17 14:18:34+00:00,1097138239977213952,I love @nntaleb so much I even appreciate when he shits on a pillar of my culture. Keep it coming! https://t.co/t2qG7XLeRF,0,0,1,0
2018-10-16 07:49:00+00:00,1052104106897227776,This looks interesting. The dozen interviews of successful founders alone makes it standout. https://t.co/6CTXnGeubV,1,2,0,0
2018-09-07 16:44:36+00:00,1038105767914729473,I'm back :),0,0,0,0
